MCMvar,CHname,PAMSmark
C2H2,乙炔,1
C2H6,乙烷,1
C3H8,丙烷,1
IC4H10,异丁烷,1
NC4H10,正丁烷,1
IC5H12,异戊烷,1
NC5H12,正戊烷,1
CHEX,环己烷,1
M22C4,"2,2-二甲基丁烷",1
M23C4,"2,3-二甲基丁烷",1
M2PE,2-甲基戊烷,1
M3PE,3-甲基戊烷,1
NC6H14,正己烷,1
M2HEX,2-甲基己烷（异庚烷）,1
M3HEX,3-甲基己烷,1
NC7H16,庚烷,1
NC8H18,正辛烷,1
NC9H20,正壬烷,1
NC10H22,癸烷,1
NC11H24,十一烷,1
NC12H26,十二烷,1
C2H4,乙烯,1
C3H6,丙烯,1
BUT1ENE,1-丁烯,1
CBUT2ENE,顺-2-丁烯,1
TBUT2ENE,反-2-丁烯,1
C5H8,异戊二烯,1
PENT1ENE,1-戊烯,1
TPENT2ENE,反-2-戊烯,1
CPENT2ENE,顺-2-戊烯,1
HEX1ENE,1-己烯,1
TOLUENE,甲苯,1
BENZENE,苯,1
EBENZ,乙基苯,1
OXYL,邻二甲苯,1
IPBENZ,异丙苯,1
PBENZ,正丙苯,1
OETHTOL,1-乙基-2-甲基苯,1
METHTOL,1-乙基-3-甲基苯,1
TM135B,"1,3,5-三甲基苯",1
PETHTOL,对-乙基甲苯,1
TM124B,"1,2,4-三甲基苯",1
TM123B,"1,2,3-三甲基苯",1
PXYL,对-二甲苯,1
MXYL,间-二甲苯,1
STYRENE,苯乙烯,1
C4H6,"1,3-丁二烯",0
CH3CL,一氯甲烷,0
CH2CL2,二氯甲烷,0
CHCL3,三氯甲烷,0
CH3BR,溴甲烷,0
CH3CH2CL,氯乙烷,0
CHCL2CH3,"1,1-二氯乙烷",0
CH2CLCH2CL,"1,2-二氯乙烷",0
DIBRET,"1,2-二溴乙烷",0
CHCL2CHCL2,"1,1,2,2-四氯乙烷",0
CH3CCL3,"1,1,1-三氯乙烷",0
CH2CLCHCL2,"1,1,2-三氯乙烷",0
CL12PROP,"1,2-二氯丙烷",0
CCL2CH2,"1,1-二氯乙烯",0
TDICLETH,"反-1,2-二氯乙烯",0
CDICLETH,"顺-1,2-二氯乙烯",0
TRICLETH,三氯乙烯,0
TCE,四氯乙烯,0
C2H5CHO,丙醛,0
C3H7CHO,丁醛,0
C4H9CHO,戊醛,0
BENZAL,苯甲醛,1
CH3COCH3,丙酮,0
MEK,2-丁酮（MEK),0
MIBK,4-甲基-2-戊酮,0
HEX2ONE,2-己酮,0
IPROPOL,异丙醇,0
ETHACET,乙酸乙酯,0
MTBE,甲基叔丁基醚,0
O3,O3,0
HCHO,HCHO,0
NO2,NO2,0
NO,NO,0
CO,CO,0
SO2,SO2,0
H2O2,H2O2,0
CH4,CH4,0
CH3CHO,ALD2,1
CH3OH,MEOH,0
CHEX2ENE,顺-2-己烯,1
DIME35EB,"1-乙基-3,5-二甲苯",1
THEX2ENE,反式-2-己烯,1
DIET35TOL,"3,5-二乙基甲苯",1
ME2BUT1ENE,2-甲基-1-丁烯,1
DM23BU2ENE,"2,3-二甲基-2-丁烯",1
ME3BUT1ENE,3-甲基-1-丁烯,1
ME2BUT2ENE,2-甲基-2-丁烯,1
ACR,丙烯醛,0
MVK,MVK,0
CH3CHO,乙醛,1
CRESOL,甲酚,0
C2H5OH,乙醇,0
H2O2,H2O2,0
PXYL,间/对-二甲苯,0
CH3CL,氯甲烷,0
MEPROPENE,异丁烯,0
MACR,MACR,0
DIEK,3-戊酮,0
IPBENZ,异丙基苯,0
APINENE,α-蒎烯,0
PBENZ,丙基苯,0
METHTOL,3-乙基甲苯,0
PETHTOL,4-乙基甲苯,0
TM135B,"1,3,5-三甲苯",0
BPINENE,β-蒎烯,0
OETHTOL,2-乙基甲苯,0
DCBENE,"1,4-二氯苯",0
HCHO,甲醛,0
PXYLAL,对甲基苯甲醛,0
MGLYOX,甲基乙二醛,0
MXYLAL,间甲基苯甲醛,0
OXYLAL,邻甲基苯甲醛,0
C5H11CHO,己醛,0
MEK,丁酮,0
GLYOX,乙二醛,0
C3ME3CHO,异戊醛,0
MPRK,2-戊酮,0
CYHEXONE,环己酮,0
PHCOME,苯乙酮,0
NOPINONE,诺蒎酮,0
C6H13CHO,庚醛,0
MIBK,甲基异丁基酮,0
PAN,PAN,0
HCHO,HCHO,0
HONO,HONO,0
MEOH,MEOH,0
CH3CHO,乙醛,0
C9H18O,壬醛,0
XSPEC3,XSPEC3,0
XSPEC2,XSPEC2,0
HCL,HCL,0
NH3,NH3,0
HCN,HCN,0
CH3CO2H,甲酸,0
CRESOL,甲酚,0
PHENOL,苯酚,0
CLNO2,CLNO2,0
GUAIACOL,GUAIACOL,0
C9H18O,壬醛,0
HO2,HO2,0
OH,OH,0
FURFURAL,呋喃甲醛,0
MEFURFURAL,5甲基呋喃甲醛,0
M2HEX,2-甲基己烷,0
NC7H16,正庚烷,0
NC10H22,正葵烷,0
NC12H26,正十一烷,0
TBUT2ENE,反-2丁烯,0
CBUT2ENE,顺-2丁烯,0
ME3BUT1ENE,3甲基-1丁烯,0
ME2BUT1ENE,2甲基-1丁烯,0
ME2BUT2ENE,2甲基-2丁烯,0
EBENZ,乙苯,0
OXYL,邻-二甲苯,0
METHTOL,间-乙基甲苯,0
OETHTOL,邻-乙基甲苯,0
TM124B,"1,2,4-三甲苯",0
TM123B,"1,2,3-三甲苯",0
NC12H26,正十二烷,0
HEX1ENE,己烯,0
C4ALDB,丁烯醛,0
MACR,异丁烯醛,0
OXYLAL,邻-甲基苯甲醛,0
MXYLAL,间-甲基苯甲醛,0
PXYLAL,对-甲基苯甲醛,0
CL2,CL2,0